Time_s,Sample,H_EOG_ADC,V_EOG_ADC,Event
0.000000,0,2967.0,3002.0,BLINK_5X
0.003906,1,2947.0,2989.0,BLINK_5X
0.007812,2,2930.0,2970.0,BLINK_5X
0.011719,3,2941.0,3007.0,BLINK_5X
0.015625,4,2937.0,3037.0,BLINK_5X
0.019531,5,2935.0,3039.0,BLINK_5X
0.023438,6,2928.0,3025.0,BLINK_5X
0.027344,7,2923.0,2994.0,BLINK_5X
0.031250,8,2903.0,2985.0,BLINK_5X
0.035156,9,2930.0,3003.0,BLINK_5X
0.039062,10,2937.0,3001.0,BLINK_5X
0.042969,11,2940.0,2991.0,BLINK_5X
0.046875,12,2960.0,2986.0,BLINK_5X
0.050781,13,2958.0,2982.0,BLINK_5X
0.054688,14,2960.0,2993.0,BLINK_5X
0.058594,15,2953.0,2995.0,BLINK_5X
0.062500,16,2954.0,2995.0,BLINK_5X
0.066406,17,2977.0,2977.0,BLINK_5X
0.070312,18,2991.0,2992.0,BLINK_5X
0.074219,19,2992.0,3010.0,BLINK_5X
0.078125,20,2992.0,2999.0,BLINK_5X
0.082031,21,3008.0,3021.0,BLINK_5X
0.085938,22,3008.0,3019.0,BLINK_5X
0.089844,23,3007.0,3007.0,BLINK_5X
0.093750,24,3010.0,3014.0,BLINK_5X
0.097656,25,3009.0,3040.0,BLINK_5X
0.101562,26,2995.0,3024.0,BLINK_5X
0.105469,27,2986.0,3027.0,BLINK_5X
0.109375,28,2983.0,3022.0,BLINK_5X
0.113281,29,2971.0,3041.0,BLINK_5X
0.117188,30,2962.0,3029.0,BLINK_5X
0.121094,31,2964.0,3018.0,BLINK_5X
0.125000,32,2971.0,2996.0,BLINK_5X
0.128906,33,2969.0,3001.0,BLINK_5X
0.132812,34,2960.0,3015.0,BLINK_5X
0.136719,35,2961.0,3011.0,BLINK_5X
0.140625,36,2978.0,2999.0,BLINK_5X
0.144531,37,2972.0,3002.0,BLINK_5X
0.148438,38,2967.0,2979.0,BLINK_5X
0.152344,39,2967.0,2983.0,BLINK_5X
0.156250,40,2871.0,3008.0,BLINK_5X
0.160156,41,2947.0,2995.0,BLINK_5X
0.164062,42,2943.0,2995.0,BLINK_5X
0.167969,43,2933.0,3016.0,BLINK_5X
0.171875,44,2900.0,3024.0,BLINK_5X
0.175781,45,2945.0,3039.0,BLINK_5X
0.179688,46,2949.0,3036.0,BLINK_5X
0.183594,47,2957.0,3026.0,BLINK_5X
0.187500,48,2957.0,3020.0,BLINK_5X
0.191406,49,2931.0,3021.0,BLINK_5X
0.195312,50,2942.0,3038.0,BLINK_5X
0.199219,51,2944.0,3024.0,BLINK_5X
0.203125,52,2954.0,3008.0,BLINK_5X
0.207031,53,2943.0,3003.0,BLINK_5X
0.210938,54,2944.0,3013.0,BLINK_5X
0.214844,55,2939.0,3024.0,BLINK_5X
0.218750,56,2935.0,3019.0,BLINK_5X
0.222656,57,2943.0,3011.0,BLINK_5X
0.226562,58,2941.0,2998.0,BLINK_5X
0.230469,59,2934.0,2998.0,BLINK_5X
0.234375,60,2955.0,3013.0,BLINK_5X
0.238281,61,2951.0,3024.0,BLINK_5X
0.242188,62,2975.0,3018.0,BLINK_5X
0.246094,63,2967.0,2997.0,BLINK_5X
0.250000,64,2934.0,2993.0,BLINK_5X
0.253906,65,2896.0,2987.0,BLINK_5X
0.257812,66,2960.0,2994.0,BLINK_5X
0.261719,67,2961.0,2993.0,BLINK_5X
0.265625,68,2959.0,2998.0,BLINK_5X
0.269531,69,2981.0,2982.0,BLINK_5X
0.273438,70,2993.0,2992.0,BLINK_5X
0.277344,71,2987.0,2994.0,BLINK_5X
0.281250,72,3007.0,2991.0,BLINK_5X
0.285156,73,3013.0,2983.0,BLINK_5X
0.289062,74,3023.0,2982.0,BLINK_5X
0.292969,75,3001.0,2995.0,BLINK_5X
0.296875,76,3019.0,3007.0,BLINK_5X
0.300781,77,3025.0,2983.0,BLINK_5X
0.304688,78,3025.0,2982.0,BLINK_5X
0.308594,79,3025.0,2985.0,BLINK_5X
0.312500,80,3024.0,3004.0,BLINK_5X
0.316406,81,3013.0,2977.0,BLINK_5X
0.320312,82,3009.0,3024.0,BLINK_5X
0.324219,83,3011.0,2992.0,BLINK_5X
0.328125,84,2973.0,2985.0,BLINK_5X
0.332031,85,2937.0,3022.0,BLINK_5X
0.335938,86,2958.0,3025.0,BLINK_5X
0.339844,87,2960.0,3012.0,BLINK_5X
0.343750,88,2936.0,3011.0,BLINK_5X
0.347656,89,2928.0,3010.0,BLINK_5X
0.351562,90,2928.0,3024.0,BLINK_5X
0.355469,91,2949.0,3027.0,BLINK_5X
0.359375,92,2958.0,3016.0,BLINK_5X
0.363281,93,2960.0,3014.0,BLINK_5X
0.367188,94,2969.0,2997.0,BLINK_5X
0.371094,95,2960.0,3018.0,BLINK_5X
0.375000,96,2981.0,3024.0,BLINK_5X
0.378906,97,2973.0,3041.0,BLINK_5X
0.382812,98,2987.0,3039.0,BLINK_5X
0.386719,99,3006.0,3030.0,BLINK_5X
0.390625,100,3010.0,3029.0,BLINK_5X
0.394531,101,3006.0,3051.0,BLINK_5X
0.398438,102,3023.0,3027.0,BLINK_5X
0.402344,103,3021.0,3018.0,BLINK_5X
0.406250,104,3002.0,3010.0,BLINK_5X
0.410156,105,3022.0,3004.0,BLINK_5X
0.414062,106,3024.0,3011.0,BLINK_5X
0.417969,107,3013.0,3008.0,BLINK_5X
0.421875,108,3008.0,2989.0,BLINK_5X
0.425781,109,2997.0,2979.0,BLINK_5X
0.429688,110,2982.0,2958.0,BLINK_5X
0.433594,111,2992.0,2978.0,BLINK_5X
0.437500,112,2988.0,2990.0,BLINK_5X
0.441406,113,2983.0,2982.0,BLINK_5X
0.445312,114,2975.0,2987.0,BLINK_5X
0.449219,115,2991.0,2979.0,BLINK_5X
0.453125,116,2975.0,2989.0,BLINK_5X
0.457031,117,2983.0,2992.0,BLINK_5X
0.460938,118,2986.0,2991.0,BLINK_5X
0.464844,119,2983.0,2978.0,BLINK_5X
0.468750,120,3009.0,2987.0,BLINK_5X
0.472656,121,3018.0,2993.0,BLINK_5X
0.476562,122,3046.0,2985.0,BLINK_5X
0.480469,123,3009.0,2958.0,BLINK_5X
0.484375,124,3025.0,2950.0,BLINK_5X
0.488281,125,3047.0,2950.0,BLINK_5X
0.492188,126,3042.0,2965.0,BLINK_5X
0.496094,127,3035.0,2992.0,BLINK_5X
0.500000,128,3038.0,2993.0,BLINK_5X
0.503906,129,3022.0,2993.0,BLINK_5X
0.507812,130,3015.0,2992.0,BLINK_5X
0.511719,131,3047.0,3008.0,BLINK_5X
0.515625,132,3023.0,3024.0,BLINK_5X
0.519531,133,3009.0,3011.0,BLINK_5X
0.523438,134,3001.0,2991.0,BLINK_5X
0.527344,135,2981.0,2962.0,BLINK_5X
0.531250,136,2982.0,2982.0,BLINK_5X
0.535156,137,2975.0,2998.0,BLINK_5X
0.539062,138,2960.0,3002.0,BLINK_5X
0.542969,139,2960.0,2977.0,BLINK_5X
0.546875,140,2973.0,2974.0,BLINK_5X
0.550781,141,2973.0,2985.0,BLINK_5X
0.554688,142,2972.0,2989.0,BLINK_5X
0.558594,143,2981.0,2988.0,BLINK_5X
0.562500,144,2992.0,3041.0,BLINK_5X
0.566406,145,3003.0,2991.0,BLINK_5X
0.570312,146,3015.0,2986.0,BLINK_5X
0.574219,147,3006.0,2983.0,BLINK_5X
0.578125,148,2997.0,2993.0,BLINK_5X
0.582031,149,2995.0,2970.0,BLINK_5X
0.585938,150,2993.0,2970.0,BLINK_5X
0.589844,151,2992.0,2962.0,BLINK_5X
0.593750,152,2987.0,2975.0,BLINK_5X
0.597656,153,2992.0,2993.0,BLINK_5X
0.601562,154,2983.0,2983.0,BLINK_5X
0.605469,155,2992.0,2986.0,BLINK_5X
0.609375,156,3008.0,2985.0,BLINK_5X
0.613281,157,2987.0,2987.0,BLINK_5X
0.617188,158,2980.0,3021.0,BLINK_5X
0.621094,159,2992.0,3009.0,BLINK_5X
0.625000,160,2999.0,2986.0,BLINK_5X
0.628906,161,3008.0,2992.0,BLINK_5X
0.632812,162,3008.0,2999.0,BLINK_5X
0.636719,163,3006.0,3012.0,BLINK_5X
0.640625,164,2995.0,2992.0,BLINK_5X
0.644531,165,2993.0,3038.0,BLINK_5X
0.648438,166,2991.0,3005.0,BLINK_5X
0.652344,167,3022.0,3005.0,BLINK_5X
0.656250,168,3010.0,3026.0,BLINK_5X
0.660156,169,3008.0,3033.0,BLINK_5X
0.664062,170,3035.0,3015.0,BLINK_5X
0.667969,171,3058.0,2999.0,BLINK_5X
0.671875,172,3061.0,3002.0,BLINK_5X
0.675781,173,3051.0,2998.0,BLINK_5X
0.679688,174,3045.0,3005.0,BLINK_5X
0.683594,175,3029.0,2992.0,BLINK_5X
0.687500,176,3047.0,2978.0,BLINK_5X
0.691406,177,3071.0,2978.0,BLINK_5X
0.695312,178,3036.0,2989.0,BLINK_5X
0.699219,179,3031.0,2982.0,BLINK_5X
0.703125,180,3012.0,2961.0,BLINK_5X
0.707031,181,3007.0,2949.0,BLINK_5X
0.710938,182,3004.0,2963.0,BLINK_5X
0.714844,183,2999.0,2992.0,BLINK_5X
0.718750,184,2992.0,2983.0,BLINK_5X
0.722656,185,3003.0,2972.0,BLINK_5X
0.726562,186,3009.0,2979.0,BLINK_5X
0.730469,187,3007.0,2978.0,BLINK_5X
0.734375,188,3018.0,2992.0,BLINK_5X
0.738281,189,3006.0,2996.0,BLINK_5X
0.742188,190,3003.0,3003.0,BLINK_5X
0.746094,191,3008.0,2977.0,BLINK_5X
0.750000,192,3027.0,2979.0,BLINK_5X
0.753906,193,3024.0,2997.0,BLINK_5X
0.757812,194,3019.0,3005.0,BLINK_5X
0.761719,195,3024.0,3011.0,BLINK_5X
0.765625,196,3029.0,3013.0,BLINK_5X
0.769531,197,3017.0,2971.0,BLINK_5X
0.773438,198,3019.0,3027.0,BLINK_5X
0.777344,199,2988.0,3030.0,BLINK_5X
0.781250,200,3012.0,3038.0,BLINK_5X
0.785156,201,2965.0,3030.0,BLINK_5X
0.789062,202,2991.0,3117.0,BLINK_5X
0.792969,203,2994.0,3009.0,BLINK_5X
0.796875,204,3009.0,3254.0,BLINK_5X
0.800781,205,2962.0,3226.0,BLINK_5X
0.804688,206,2885.0,3311.0,BLINK_5X
0.808594,207,2954.0,3695.0,BLINK_5X
0.812500,208,2963.0,3764.0,BLINK_5X
0.816406,209,2994.0,4095.0,BLINK_5X
0.820312,210,3034.0,4095.0,BLINK_5X
0.824219,211,2993.0,4095.0,BLINK_5X
0.828125,212,2961.0,4095.0,BLINK_5X
0.832031,213,3006.0,4095.0,BLINK_5X
0.835938,214,3044.0,4095.0,BLINK_5X
0.839844,215,3120.0,4095.0,BLINK_5X
0.843750,216,3127.0,4095.0,BLINK_5X
0.847656,217,3017.0,4095.0,BLINK_5X
0.851562,218,2958.0,4095.0,BLINK_5X
0.855469,219,2902.0,4095.0,BLINK_5X
0.859375,220,2981.0,4095.0,BLINK_5X
0.863281,221,3054.0,4095.0,BLINK_5X
0.867188,222,3047.0,4095.0,BLINK_5X
0.871094,223,2985.0,4095.0,BLINK_5X
0.875000,224,2972.0,4095.0,BLINK_5X
0.878906,225,2983.0,4095.0,BLINK_5X
0.882812,226,2977.0,4095.0,BLINK_5X
0.886719,227,2959.0,4095.0,BLINK_5X
0.890625,228,2901.0,4095.0,BLINK_5X
0.894531,229,2855.0,4095.0,BLINK_5X
0.898438,230,2943.0,4095.0,BLINK_5X
0.902344,231,2985.0,4095.0,BLINK_5X
0.906250,232,2949.0,4006.0,BLINK_5X
0.910156,233,2938.0,3853.0,BLINK_5X
0.914062,234,2960.0,3728.0,BLINK_5X
0.917969,235,2997.0,3568.0,BLINK_5X
0.921875,236,2989.0,3430.0,BLINK_5X
0.925781,237,2951.0,3302.0,BLINK_5X
0.929688,238,2937.0,3215.0,BLINK_5X
0.933594,239,2915.0,3121.0,BLINK_5X
0.937500,240,2907.0,3043.0,BLINK_5X
0.941406,241,2933.0,2963.0,BLINK_5X
0.945312,242,2973.0,2873.0,BLINK_5X
0.949219,243,2975.0,2774.0,BLINK_5X
0.953125,244,2967.0,2725.0,BLINK_5X
0.957031,245,2992.0,2680.0,BLINK_5X
0.960938,246,2975.0,2624.0,BLINK_5X
0.964844,247,2977.0,2583.0,BLINK_5X
0.968750,248,2994.0,2533.0,BLINK_5X
0.972656,249,2978.0,2506.0,BLINK_5X
0.976562,250,3006.0,2506.0,BLINK_5X
0.980469,251,3002.0,2477.0,BLINK_5X
0.984375,252,2995.0,2469.0,BLINK_5X
0.988281,253,2993.0,2448.0,BLINK_5X
0.992188,254,2990.0,2447.0,BLINK_5X
0.996094,255,2975.0,2451.0,BLINK_5X
1.000000,256,2980.0,2448.0,BLINK_5X
1.003906,257,2978.0,2448.0,BLINK_5X
1.007812,258,2982.0,2437.0,BLINK_5X
1.011719,259,2996.0,2430.0,BLINK_5X
1.015625,260,3011.0,2434.0,BLINK_5X
1.019531,261,3024.0,2432.0,BLINK_5X
1.023438,262,3030.0,2442.0,BLINK_5X
1.027344,263,3039.0,2443.0,BLINK_5X
1.031250,264,3019.0,2454.0,BLINK_5X
1.035156,265,3024.0,2455.0,BLINK_5X
1.039062,266,3020.0,2439.0,BLINK_5X
1.042969,267,2991.0,2431.0,BLINK_5X
1.046875,268,2995.0,2417.0,BLINK_5X
1.050781,269,2996.0,2425.0,BLINK_5X
1.054688,270,2999.0,2448.0,BLINK_5X
1.058594,271,2989.0,2454.0,BLINK_5X
1.062500,272,2982.0,2458.0,BLINK_5X
1.066406,273,2978.0,2453.0,BLINK_5X
1.070312,274,2960.0,2477.0,BLINK_5X
1.074219,275,2960.0,2501.0,BLINK_5X
1.078125,276,2959.0,2516.0,BLINK_5X
1.082031,277,2955.0,2504.0,BLINK_5X
1.085938,278,2974.0,2503.0,BLINK_5X
1.089844,279,2967.0,2500.0,BLINK_5X
1.093750,280,2973.0,2532.0,BLINK_5X
1.097656,281,2970.0,2551.0,BLINK_5X
1.101562,282,2966.0,2559.0,BLINK_5X
1.105469,283,2969.0,2551.0,BLINK_5X
1.109375,284,2964.0,2555.0,BLINK_5X
1.113281,285,2993.0,2559.0,BLINK_5X
1.117188,286,2997.0,2592.0,BLINK_5X
1.121094,287,2973.0,2608.0,BLINK_5X
1.125000,288,2960.0,2617.0,BLINK_5X
1.128906,289,2967.0,2623.0,BLINK_5X
1.132812,290,2981.0,2635.0,BLINK_5X
1.136719,291,2956.0,2657.0,BLINK_5X
1.140625,292,2944.0,2651.0,BLINK_5X
1.144531,293,2954.0,2642.0,BLINK_5X
1.148438,294,2949.0,2643.0,BLINK_5X
1.152344,295,2954.0,2655.0,BLINK_5X
1.156250,296,2958.0,2672.0,BLINK_5X
1.160156,297,2946.0,2673.0,BLINK_5X
1.164062,298,2955.0,2679.0,BLINK_5X
1.167969,299,2959.0,2677.0,BLINK_5X
1.171875,300,2943.0,2695.0,BLINK_5X
1.175781,301,2950.0,2717.0,BLINK_5X
1.179688,302,2963.0,2750.0,BLINK_5X
1.183594,303,2977.0,2723.0,BLINK_5X
1.187500,304,2992.0,2704.0,BLINK_5X
1.191406,305,2946.0,2714.0,BLINK_5X
1.195312,306,2986.0,2719.0,BLINK_5X
1.199219,307,2992.0,2742.0,BLINK_5X
1.203125,308,3005.0,2736.0,BLINK_5X
1.207031,309,3015.0,2757.0,BLINK_5X
1.210938,310,2998.0,2768.0,BLINK_5X
1.214844,311,2996.0,2789.0,BLINK_5X
1.218750,312,2997.0,2791.0,BLINK_5X
1.222656,313,2987.0,2799.0,BLINK_5X
1.226562,314,2996.0,2800.0,BLINK_5X
1.230469,315,2997.0,2822.0,BLINK_5X
1.234375,316,3011.0,2841.0,BLINK_5X
1.238281,317,2994.0,2847.0,BLINK_5X
1.242188,318,2989.0,2832.0,BLINK_5X
1.246094,319,2986.0,2801.0,BLINK_5X
1.250000,320,2989.0,2803.0,BLINK_5X
1.253906,321,2987.0,2818.0,BLINK_5X
1.257812,322,2992.0,2817.0,BLINK_5X
1.261719,323,2993.0,2817.0,BLINK_5X
1.265625,324,2998.0,2817.0,BLINK_5X
1.269531,325,2989.0,2818.0,BLINK_5X
1.273438,326,2989.0,2831.0,BLINK_5X
1.277344,327,2985.0,2830.0,BLINK_5X
1.281250,328,2986.0,2833.0,BLINK_5X
1.285156,329,2979.0,2843.0,BLINK_5X
1.289062,330,2983.0,2848.0,BLINK_5X
1.292969,331,2986.0,2858.0,BLINK_5X
1.296875,332,2989.0,2877.0,BLINK_5X
1.300781,333,2987.0,2887.0,BLINK_5X
1.304688,334,2989.0,2881.0,BLINK_5X
1.308594,335,3001.0,2890.0,BLINK_5X
1.312500,336,3007.0,2896.0,BLINK_5X
1.316406,337,2989.0,2896.0,BLINK_5X
1.320312,338,2981.0,2890.0,BLINK_5X
1.324219,339,2991.0,2881.0,BLINK_5X
1.328125,340,3002.0,2875.0,BLINK_5X
1.332031,341,2986.0,2884.0,BLINK_5X
1.335938,342,2992.0,2890.0,BLINK_5X
1.339844,343,2995.0,2897.0,BLINK_5X
1.343750,344,2985.0,2903.0,BLINK_5X
1.347656,345,3001.0,2896.0,BLINK_5X
1.351562,346,3001.0,2911.0,BLINK_5X
1.355469,347,2983.0,2928.0,BLINK_5X
1.359375,348,2973.0,2957.0,BLINK_5X
1.363281,349,2986.0,2918.0,BLINK_5X
1.367188,350,2978.0,2912.0,BLINK_5X
1.371094,351,2989.0,2923.0,BLINK_5X
1.375000,352,2992.0,2938.0,BLINK_5X
1.378906,353,2975.0,2967.0,BLINK_5X
1.382812,354,2987.0,2961.0,BLINK_5X
1.386719,355,2967.0,2958.0,BLINK_5X
1.390625,356,3002.0,2939.0,BLINK_5X
1.394531,357,2986.0,2947.0,BLINK_5X
1.398438,358,2982.0,2960.0,BLINK_5X
1.402344,359,2973.0,2971.0,BLINK_5X
1.406250,360,2963.0,2946.0,BLINK_5X
1.410156,361,2960.0,2944.0,BLINK_5X
1.414062,362,2965.0,2963.0,BLINK_5X
1.417969,363,2954.0,2960.0,BLINK_5X
1.421875,364,2939.0,2946.0,BLINK_5X
1.425781,365,2949.0,2958.0,BLINK_5X
1.429688,366,2949.0,2945.0,BLINK_5X
1.433594,367,2933.0,2939.0,BLINK_5X
1.437500,368,2939.0,2957.0,BLINK_5X
1.441406,369,2954.0,2955.0,BLINK_5X
1.445312,370,2955.0,2944.0,BLINK_5X
1.449219,371,2963.0,2926.0,BLINK_5X
1.453125,372,2957.0,2945.0,BLINK_5X
1.457031,373,2962.0,2988.0,BLINK_5X
1.460938,374,2967.0,2959.0,BLINK_5X
1.464844,375,2970.0,2947.0,BLINK_5X
1.468750,376,2985.0,2961.0,BLINK_5X
1.472656,377,2990.0,2964.0,BLINK_5X
1.476562,378,2986.0,2986.0,BLINK_5X
1.480469,379,2992.0,2978.0,BLINK_5X
1.484375,380,3005.0,2965.0,BLINK_5X
1.488281,381,3010.0,2955.0,BLINK_5X
1.492188,382,2995.0,2971.0,BLINK_5X
1.496094,383,2981.0,2975.0,BLINK_5X
1.500000,384,2993.0,2975.0,BLINK_5X
1.503906,385,2992.0,2992.0,BLINK_5X
1.507812,386,2987.0,2971.0,BLINK_5X
1.511719,387,2987.0,2970.0,BLINK_5X
1.515625,388,2985.0,2992.0,BLINK_5X
1.519531,389,2971.0,2983.0,BLINK_5X
1.523438,390,2959.0,2992.0,BLINK_5X
1.527344,391,2959.0,2949.0,BLINK_5X
1.531250,392,2965.0,2923.0,BLINK_5X
1.535156,393,2963.0,2940.0,BLINK_5X
1.539062,394,2960.0,2915.0,BLINK_5X
1.542969,395,2966.0,2939.0,BLINK_5X
1.546875,396,2963.0,2944.0,BLINK_5X
1.550781,397,2964.0,2942.0,BLINK_5X
1.554688,398,2965.0,2943.0,BLINK_5X
1.558594,399,2967.0,2945.0,BLINK_5X
1.562500,400,2990.0,2944.0,BLINK_5X
1.566406,401,2982.0,2928.0,BLINK_5X
1.570312,402,2973.0,2943.0,BLINK_5X
1.574219,403,2905.0,2945.0,BLINK_5X
1.578125,404,2973.0,2962.0,BLINK_5X
1.582031,405,2965.0,2959.0,BLINK_5X
1.585938,406,2982.0,2943.0,BLINK_5X
1.589844,407,2979.0,2951.0,BLINK_5X
1.593750,408,2995.0,2951.0,BLINK_5X
1.597656,409,2993.0,2975.0,BLINK_5X
1.601562,410,2992.0,2972.0,BLINK_5X
1.605469,411,2979.0,2957.0,BLINK_5X
1.609375,412,2979.0,2945.0,BLINK_5X
1.613281,413,2972.0,2962.0,BLINK_5X
1.617188,414,2949.0,2980.0,BLINK_5X
1.621094,415,2951.0,2962.0,BLINK_5X
1.625000,416,2966.0,2944.0,BLINK_5X
1.628906,417,2957.0,2926.0,BLINK_5X
1.632812,418,2963.0,2929.0,BLINK_5X
1.636719,419,2949.0,2959.0,BLINK_5X
1.640625,420,2939.0,2993.0,BLINK_5X
1.644531,421,2985.0,3013.0,BLINK_5X
1.648438,422,2990.0,3024.0,BLINK_5X
1.652344,423,2951.0,3042.0,BLINK_5X
1.656250,424,2943.0,3085.0,BLINK_5X
1.660156,425,2959.0,3304.0,BLINK_5X
1.664062,426,2933.0,3137.0,BLINK_5X
1.667969,427,2995.0,3190.0,BLINK_5X
1.671875,428,3002.0,3450.0,BLINK_5X
1.675781,429,2977.0,3461.0,BLINK_5X
1.679688,430,2997.0,3719.0,BLINK_5X
1.683594,431,3042.0,3937.0,BLINK_5X
1.687500,432,2999.0,4095.0,BLINK_5X
1.691406,433,2950.0,4095.0,BLINK_5X
1.695312,434,3056.0,4095.0,BLINK_5X
1.699219,435,2973.0,4095.0,BLINK_5X
1.703125,436,2938.0,4095.0,BLINK_5X
1.707031,437,3022.0,4095.0,BLINK_5X
1.710938,438,3013.0,4095.0,BLINK_5X
1.714844,439,3131.0,4095.0,BLINK_5X
1.718750,440,3066.0,4095.0,BLINK_5X
1.722656,441,2987.0,4095.0,BLINK_5X
1.726562,442,2963.0,4095.0,BLINK_5X
1.730469,443,2949.0,4095.0,BLINK_5X
1.734375,444,2958.0,4095.0,BLINK_5X
1.738281,445,2926.0,4095.0,BLINK_5X
1.742188,446,2896.0,4095.0,BLINK_5X
1.746094,447,2905.0,4095.0,BLINK_5X
1.750000,448,2946.0,4095.0,BLINK_5X
1.753906,449,2918.0,4095.0,BLINK_5X
1.757812,450,2903.0,4095.0,BLINK_5X
1.761719,451,2909.0,4095.0,BLINK_5X
1.765625,452,2923.0,4095.0,BLINK_5X
1.769531,453,2899.0,4095.0,BLINK_5X
1.773438,454,2880.0,4095.0,BLINK_5X
1.777344,455,2927.0,4095.0,BLINK_5X
1.781250,456,2960.0,4095.0,BLINK_5X
1.785156,457,2981.0,3883.0,BLINK_5X
1.789062,458,2971.0,3693.0,BLINK_5X
1.792969,459,2976.0,3527.0,BLINK_5X
1.796875,460,2909.0,3395.0,BLINK_5X
1.800781,461,2941.0,3261.0,BLINK_5X
1.804688,462,2986.0,3119.0,BLINK_5X
1.808594,463,2994.0,2986.0,BLINK_5X
1.812500,464,3003.0,2906.0,BLINK_5X
1.816406,465,3010.0,2856.0,BLINK_5X
1.820312,466,3050.0,2790.0,BLINK_5X
1.824219,467,3056.0,2709.0,BLINK_5X
1.828125,468,3039.0,2663.0,BLINK_5X
1.832031,469,3045.0,2608.0,BLINK_5X
1.835938,470,3056.0,2559.0,BLINK_5X
1.839844,471,3058.0,2543.0,BLINK_5X
1.843750,472,3056.0,2512.0,BLINK_5X
1.847656,473,3066.0,2491.0,BLINK_5X
1.851562,474,3071.0,2459.0,BLINK_5X
1.855469,475,3068.0,2462.0,BLINK_5X
1.859375,476,3069.0,2500.0,BLINK_5X
1.863281,477,3067.0,2416.0,BLINK_5X
1.867188,478,3059.0,2383.0,BLINK_5X
1.871094,479,3136.0,2383.0,BLINK_5X
1.875000,480,3066.0,2373.0,BLINK_5X
1.878906,481,3071.0,2377.0,BLINK_5X
1.882812,482,3080.0,2369.0,BLINK_5X
1.886719,483,3059.0,2354.0,BLINK_5X
1.890625,484,3050.0,2358.0,BLINK_5X
1.894531,485,3024.0,2362.0,BLINK_5X
1.898438,486,3024.0,2362.0,BLINK_5X
1.902344,487,3010.0,2352.0,BLINK_5X
1.906250,488,3037.0,2351.0,BLINK_5X
1.910156,489,3101.0,2351.0,BLINK_5X
1.914062,490,3040.0,2350.0,BLINK_5X
1.917969,491,3039.0,2378.0,BLINK_5X
1.921875,492,3024.0,2379.0,BLINK_5X
1.925781,493,3022.0,2385.0,BLINK_5X
1.929688,494,3012.0,2387.0,BLINK_5X
1.933594,495,3024.0,2401.0,BLINK_5X
1.937500,496,3034.0,2413.0,BLINK_5X
1.941406,497,3046.0,2416.0,BLINK_5X
1.945312,498,3030.0,2416.0,BLINK_5X
1.949219,499,3010.0,2408.0,BLINK_5X
1.953125,500,3021.0,2412.0,BLINK_5X
1.957031,501,3026.0,2413.0,BLINK_5X
1.960938,502,3025.0,2441.0,BLINK_5X
1.964844,503,3019.0,2439.0,BLINK_5X
1.968750,504,3014.0,2447.0,BLINK_5X
1.972656,505,3008.0,2459.0,BLINK_5X
1.976562,506,3001.0,2474.0,BLINK_5X
1.980469,507,2951.0,2487.0,BLINK_5X
1.984375,508,2978.0,2496.0,BLINK_5X
1.988281,509,2987.0,2494.0,BLINK_5X
1.992188,510,2975.0,2512.0,BLINK_5X
1.996094,511,2961.0,2525.0,BLINK_5X
2.000000,512,2960.0,2542.0,BLINK_5X
2.003906,513,2961.0,2535.0,BLINK_5X
2.007812,514,2979.0,2531.0,BLINK_5X
2.011719,515,2977.0,2543.0,BLINK_5X
2.015625,516,2979.0,2559.0,BLINK_5X
2.019531,517,2975.0,2605.0,BLINK_5X
2.023438,518,2982.0,2619.0,BLINK_5X
2.027344,519,2973.0,2608.0,BLINK_5X
2.031250,520,2997.0,2608.0,BLINK_5X
2.035156,521,2990.0,2640.0,BLINK_5X
2.039062,522,3003.0,2663.0,BLINK_5X
2.042969,523,3008.0,2669.0,BLINK_5X
2.046875,524,3015.0,2663.0,BLINK_5X
2.050781,525,3015.0,2667.0,BLINK_5X
2.054688,526,3011.0,2684.0,BLINK_5X
2.058594,527,2993.0,2704.0,BLINK_5X
2.062500,528,2980.0,2699.0,BLINK_5X
2.066406,529,2995.0,2704.0,BLINK_5X
2.070312,530,2996.0,2721.0,BLINK_5X
2.074219,531,2991.0,2736.0,BLINK_5X
2.078125,532,2992.0,2717.0,BLINK_5X
2.082031,533,2988.0,2739.0,BLINK_5X
2.085938,534,2978.0,2765.0,BLINK_5X
2.089844,535,2967.0,2745.0,BLINK_5X
2.093750,536,2963.0,2753.0,BLINK_5X
2.097656,537,2981.0,2752.0,BLINK_5X
2.101562,538,2989.0,2769.0,BLINK_5X
2.105469,539,2998.0,2785.0,BLINK_5X
2.109375,540,3066.0,2779.0,BLINK_5X
2.113281,541,2990.0,2794.0,BLINK_5X
2.117188,542,3010.0,2799.0,BLINK_5X
2.121094,543,3005.0,2823.0,BLINK_5X
2.125000,544,3017.0,2829.0,BLINK_5X
2.128906,545,3002.0,2800.0,BLINK_5X
2.132812,546,3008.0,2810.0,BLINK_5X
2.136719,547,2982.0,2837.0,BLINK_5X
2.140625,548,2981.0,2847.0,BLINK_5X
2.144531,549,2989.0,2848.0,BLINK_5X
2.148438,550,2980.0,2852.0,BLINK_5X
2.152344,551,2993.0,2850.0,BLINK_5X
2.156250,552,2970.0,2871.0,BLINK_5X
2.160156,553,2980.0,2855.0,BLINK_5X
2.164062,554,2995.0,2881.0,BLINK_5X
2.167969,555,2980.0,2877.0,BLINK_5X
2.171875,556,2992.0,2879.0,BLINK_5X
2.175781,557,2999.0,2880.0,BLINK_5X
2.179688,558,2979.0,2879.0,BLINK_5X
2.183594,559,2978.0,2887.0,BLINK_5X
2.187500,560,2992.0,2880.0,BLINK_5X
2.191406,561,2982.0,2873.0,BLINK_5X
2.195312,562,2987.0,2896.0,BLINK_5X
2.199219,563,2992.0,2905.0,BLINK_5X
2.203125,564,2979.0,2923.0,BLINK_5X
2.207031,565,2962.0,2928.0,BLINK_5X
2.210938,566,2971.0,2924.0,BLINK_5X
2.214844,567,2982.0,2909.0,BLINK_5X
2.218750,568,2997.0,2936.0,BLINK_5X
2.222656,569,2997.0,2927.0,BLINK_5X
2.226562,570,3003.0,2930.0,BLINK_5X
2.230469,571,3010.0,2914.0,BLINK_5X
2.234375,572,3001.0,2935.0,BLINK_5X
2.238281,573,2997.0,2941.0,BLINK_5X
2.242188,574,2994.0,2929.0,BLINK_5X
2.246094,575,2994.0,2923.0,BLINK_5X
2.250000,576,3003.0,2903.0,BLINK_5X
2.253906,577,3011.0,2928.0,BLINK_5X
2.257812,578,3014.0,2935.0,BLINK_5X
2.261719,579,3017.0,2921.0,BLINK_5X
2.265625,580,2992.0,2939.0,BLINK_5X
2.269531,581,3007.0,2939.0,BLINK_5X
2.273438,582,3008.0,2931.0,BLINK_5X
2.277344,583,3015.0,2946.0,BLINK_5X
2.281250,584,3013.0,2928.0,BLINK_5X
2.285156,585,3013.0,2925.0,BLINK_5X
2.289062,586,3009.0,2909.0,BLINK_5X
2.292969,587,3015.0,2910.0,BLINK_5X
2.296875,588,3014.0,2940.0,BLINK_5X
2.300781,589,2997.0,2950.0,BLINK_5X
2.304688,590,3018.0,2942.0,BLINK_5X
2.308594,591,3013.0,2944.0,BLINK_5X
2.312500,592,3027.0,2940.0,BLINK_5X
2.316406,593,3003.0,2943.0,BLINK_5X
2.320312,594,3010.0,2947.0,BLINK_5X
2.324219,595,2997.0,2943.0,BLINK_5X
2.328125,596,2992.0,2943.0,BLINK_5X
2.332031,597,3009.0,2944.0,BLINK_5X
2.335938,598,3015.0,2961.0,BLINK_5X
2.339844,599,3007.0,2985.0,BLINK_5X
2.343750,600,2992.0,2975.0,BLINK_5X
2.347656,601,3006.0,2960.0,BLINK_5X
2.351562,602,2992.0,2957.0,BLINK_5X
2.355469,603,2993.0,2967.0,BLINK_5X
2.359375,604,2975.0,2987.0,BLINK_5X
2.363281,605,2983.0,2966.0,BLINK_5X
2.367188,606,2991.0,2960.0,BLINK_5X
2.371094,607,2986.0,2960.0,BLINK_5X
2.375000,608,2992.0,2959.0,BLINK_5X
2.378906,609,2972.0,2969.0,BLINK_5X
2.382812,610,2975.0,2959.0,BLINK_5X
2.386719,611,2987.0,2945.0,BLINK_5X
2.390625,612,2973.0,2938.0,BLINK_5X
2.394531,613,2990.0,2929.0,BLINK_5X
2.398438,614,2976.0,2960.0,BLINK_5X
2.402344,615,2982.0,2961.0,BLINK_5X
2.406250,616,2981.0,2966.0,BLINK_5X
2.410156,617,2982.0,2960.0,BLINK_5X
2.414062,618,2997.0,2959.0,BLINK_5X
2.417969,619,2991.0,2964.0,BLINK_5X
2.421875,620,2998.0,2954.0,BLINK_5X
2.425781,621,2987.0,2944.0,BLINK_5X
2.429688,622,2979.0,2933.0,BLINK_5X
2.433594,623,2996.0,2947.0,BLINK_5X
2.437500,624,2979.0,2965.0,BLINK_5X
2.441406,625,2954.0,2992.0,BLINK_5X
2.445312,626,2971.0,2987.0,BLINK_5X
2.449219,627,2971.0,2967.0,BLINK_5X
2.453125,628,2957.0,2983.0,BLINK_5X
2.457031,629,2951.0,2992.0,BLINK_5X
2.460938,630,2934.0,2980.0,BLINK_5X
2.464844,631,2921.0,2985.0,BLINK_5X
2.468750,632,2940.0,2963.0,BLINK_5X
2.472656,633,2960.0,2965.0,BLINK_5X
2.476562,634,3054.0,2985.0,BLINK_5X
2.480469,635,2966.0,2976.0,BLINK_5X
2.484375,636,2971.0,2978.0,BLINK_5X
2.488281,637,3024.0,2963.0,BLINK_5X
2.492188,638,3004.0,2953.0,BLINK_5X
2.496094,639,2960.0,2960.0,BLINK_5X
2.500000,640,2935.0,2979.0,BLINK_5X
2.503906,641,2975.0,2976.0,BLINK_5X
2.507812,642,3005.0,2960.0,BLINK_5X
2.511719,643,2966.0,2956.0,BLINK_5X
2.515625,644,2986.0,2955.0,BLINK_5X
2.519531,645,2981.0,2967.0,BLINK_5X
2.523438,646,2969.0,2963.0,BLINK_5X
2.527344,647,2993.0,2947.0,BLINK_5X
2.531250,648,2964.0,2945.0,BLINK_5X
2.535156,649,2961.0,2960.0,BLINK_5X
2.539062,650,2967.0,2974.0,BLINK_5X
2.542969,651,2982.0,2971.0,BLINK_5X
2.546875,652,2971.0,2960.0,BLINK_5X
2.550781,653,2989.0,2935.0,BLINK_5X
2.554688,654,2966.0,2946.0,BLINK_5X
2.558594,655,2974.0,2951.0,BLINK_5X
2.562500,656,2974.0,2961.0,BLINK_5X
2.566406,657,2977.0,2960.0,BLINK_5X
2.570312,658,2979.0,2917.0,BLINK_5X
2.574219,659,2968.0,2938.0,BLINK_5X
2.578125,660,2954.0,2977.0,BLINK_5X
2.582031,661,2978.0,2960.0,BLINK_5X
2.585938,662,2983.0,2945.0,BLINK_5X
2.589844,663,2973.0,2942.0,BLINK_5X
2.593750,664,2989.0,2959.0,BLINK_5X
2.597656,665,2993.0,2963.0,BLINK_5X
2.601562,666,2986.0,2960.0,BLINK_5X
2.605469,667,2965.0,2956.0,BLINK_5X
2.609375,668,2955.0,2959.0,BLINK_5X
2.613281,669,2989.0,2919.0,BLINK_5X
2.617188,670,2967.0,2930.0,BLINK_5X
2.621094,671,2956.0,2947.0,BLINK_5X
2.625000,672,2960.0,2945.0,BLINK_5X
2.628906,673,2949.0,2939.0,BLINK_5X
2.632812,674,2953.0,2957.0,BLINK_5X
2.636719,675,2944.0,2971.0,BLINK_5X
2.640625,676,2947.0,2977.0,BLINK_5X
2.644531,677,2955.0,2970.0,BLINK_5X
2.648438,678,2972.0,2937.0,BLINK_5X
2.652344,679,2967.0,2949.0,BLINK_5X
2.656250,680,2975.0,2960.0,BLINK_5X
2.660156,681,2982.0,2962.0,BLINK_5X
2.664062,682,2992.0,2963.0,BLINK_5X
2.667969,683,2997.0,2951.0,BLINK_5X
2.671875,684,2990.0,2956.0,BLINK_5X
2.675781,685,2997.0,2951.0,BLINK_5X
2.679688,686,2992.0,2937.0,BLINK_5X
2.683594,687,2994.0,2943.0,BLINK_5X
2.687500,688,2992.0,2939.0,BLINK_5X
2.691406,689,2981.0,2938.0,BLINK_5X
2.695312,690,2992.0,2956.0,BLINK_5X
2.699219,691,2963.0,2963.0,BLINK_5X
2.703125,692,2949.0,2973.0,BLINK_5X
2.707031,693,2953.0,2977.0,BLINK_5X
2.710938,694,2957.0,2959.0,BLINK_5X
2.714844,695,2960.0,2946.0,BLINK_5X
2.718750,696,2941.0,2960.0,BLINK_5X
2.722656,697,2950.0,2954.0,BLINK_5X
2.726562,698,2964.0,2960.0,BLINK_5X
2.730469,699,2960.0,2946.0,BLINK_5X
2.734375,700,2974.0,2959.0,BLINK_5X
2.738281,701,2960.0,2971.0,BLINK_5X
2.742188,702,2951.0,2992.0,BLINK_5X
2.746094,703,2957.0,3003.0,BLINK_5X
2.750000,704,2957.0,2971.0,BLINK_5X
2.753906,705,2964.0,3061.0,BLINK_5X
2.757812,706,2956.0,3003.0,BLINK_5X
2.761719,707,2987.0,3006.0,BLINK_5X
2.765625,708,2999.0,2997.0,BLINK_5X
2.769531,709,3008.0,2997.0,BLINK_5X
2.773438,710,3008.0,3018.0,BLINK_5X
2.777344,711,3009.0,2989.0,BLINK_5X
2.781250,712,2999.0,3024.0,BLINK_5X
2.785156,713,3021.0,3002.0,BLINK_5X
2.789062,714,3014.0,2998.0,BLINK_5X
2.792969,715,3024.0,3024.0,BLINK_5X
2.796875,716,3022.0,3047.0,BLINK_5X
2.800781,717,2998.0,3103.0,BLINK_5X
2.804688,718,3035.0,3207.0,BLINK_5X
2.808594,719,2972.0,3098.0,BLINK_5X
2.812500,720,2950.0,3184.0,BLINK_5X
2.816406,721,2992.0,3207.0,BLINK_5X
2.820312,722,2987.0,3306.0,BLINK_5X
2.824219,723,2982.0,3371.0,BLINK_5X
2.828125,724,2957.0,3558.0,BLINK_5X
2.832031,725,2948.0,3776.0,BLINK_5X
2.835938,726,2938.0,4069.0,BLINK_5X
2.839844,727,2996.0,4095.0,BLINK_5X
2.843750,728,3034.0,4095.0,BLINK_5X
2.847656,729,3026.0,4095.0,BLINK_5X
2.851562,730,2960.0,4095.0,BLINK_5X
2.855469,731,2957.0,4095.0,BLINK_5X
2.859375,732,3056.0,4095.0,BLINK_5X
2.863281,733,3025.0,4095.0,BLINK_5X
2.867188,734,3070.0,4095.0,BLINK_5X
2.871094,735,3040.0,4095.0,BLINK_5X
2.875000,736,3049.0,4095.0,BLINK_5X
2.878906,737,3061.0,4095.0,BLINK_5X
2.882812,738,3056.0,4095.0,BLINK_5X
2.886719,739,3051.0,4095.0,BLINK_5X
2.890625,740,3024.0,4095.0,BLINK_5X
2.894531,741,2995.0,4095.0,BLINK_5X
2.898438,742,3015.0,4095.0,BLINK_5X
2.902344,743,3085.0,4095.0,BLINK_5X
2.906250,744,3122.0,4095.0,BLINK_5X
2.910156,745,3038.0,4095.0,BLINK_5X
2.914062,746,2965.0,4095.0,BLINK_5X
2.917969,747,2959.0,4095.0,BLINK_5X
2.921875,748,2982.0,4095.0,BLINK_5X
2.925781,749,3053.0,4095.0,BLINK_5X
2.929688,750,3009.0,4095.0,BLINK_5X
2.933594,751,2941.0,4095.0,BLINK_5X
2.937500,752,2977.0,4095.0,BLINK_5X
2.941406,753,3033.0,3888.0,BLINK_5X
2.945312,754,3019.0,3693.0,BLINK_5X
2.949219,755,2997.0,3521.0,BLINK_5X
2.953125,756,2994.0,3381.0,BLINK_5X
2.957031,757,2975.0,3287.0,BLINK_5X
2.960938,758,2944.0,3184.0,BLINK_5X
2.964844,759,2938.0,3079.0,BLINK_5X
2.968750,760,2929.0,2982.0,BLINK_5X
2.972656,761,2960.0,2884.0,BLINK_5X
2.976562,762,2970.0,2819.0,BLINK_5X
2.980469,763,2967.0,2781.0,BLINK_5X
2.984375,764,2953.0,2731.0,BLINK_5X
2.988281,765,2959.0,2669.0,BLINK_5X
2.992188,766,2953.0,2612.0,BLINK_5X
2.996094,767,2982.0,2559.0,BLINK_5X
3.000000,768,2991.0,2559.0,BLINK_5X
3.003906,769,2988.0,2507.0,BLINK_5X
3.007812,770,2995.0,2445.0,BLINK_5X
3.011719,771,3009.0,2394.0,BLINK_5X
3.015625,772,2992.0,2365.0,BLINK_5X
3.019531,773,2985.0,2362.0,BLINK_5X
3.023438,774,2983.0,2346.0,BLINK_5X
3.027344,775,2994.0,2314.0,BLINK_5X
3.031250,776,2992.0,2290.0,BLINK_5X
3.035156,777,2992.0,2288.0,BLINK_5X
3.039062,778,2981.0,2284.0,BLINK_5X
3.042969,779,2969.0,2319.0,BLINK_5X
3.046875,780,2989.0,2323.0,BLINK_5X
3.050781,781,2983.0,2307.0,BLINK_5X
3.054688,782,3003.0,2321.0,BLINK_5X
3.058594,783,2996.0,2338.0,BLINK_5X
3.062500,784,2992.0,2363.0,BLINK_5X
3.066406,785,2991.0,2342.0,BLINK_5X
3.070312,786,2987.0,2316.0,BLINK_5X
3.074219,787,2972.0,2320.0,BLINK_5X
3.078125,788,2979.0,2332.0,BLINK_5X
3.082031,789,2970.0,2343.0,BLINK_5X
3.085938,790,2975.0,2368.0,BLINK_5X
3.089844,791,2992.0,2361.0,BLINK_5X
3.093750,792,3004.0,2373.0,BLINK_5X
3.097656,793,3025.0,2399.0,BLINK_5X
3.101562,794,3023.0,2413.0,BLINK_5X
3.105469,795,3039.0,2407.0,BLINK_5X
3.109375,796,3043.0,2413.0,BLINK_5X
3.113281,797,3042.0,2419.0,BLINK_5X
3.117188,798,3035.0,2432.0,BLINK_5X
3.121094,799,3024.0,2450.0,BLINK_5X
3.125000,800,2994.0,2457.0,BLINK_5X
3.128906,801,2992.0,2458.0,BLINK_5X
3.132812,802,2981.0,2457.0,BLINK_5X
3.136719,803,3005.0,2467.0,BLINK_5X
3.140625,804,2991.0,2491.0,BLINK_5X
3.144531,805,2999.0,2506.0,BLINK_5X
3.148438,806,2993.0,2495.0,BLINK_5X
3.152344,807,3001.0,2509.0,BLINK_5X
3.156250,808,2977.0,2534.0,BLINK_5X
3.160156,809,2981.0,2553.0,BLINK_5X
3.164062,810,2965.0,2559.0,BLINK_5X
3.167969,811,2949.0,2559.0,BLINK_5X
3.171875,812,2971.0,2559.0,BLINK_5X
3.175781,813,2981.0,2559.0,BLINK_5X
3.179688,814,2967.0,2595.0,BLINK_5X
3.183594,815,2978.0,2624.0,BLINK_5X
3.187500,816,2985.0,2617.0,BLINK_5X
3.191406,817,3003.0,2601.0,BLINK_5X
3.195312,818,2996.0,2631.0,BLINK_5X
3.199219,819,2992.0,2655.0,BLINK_5X
3.203125,820,3003.0,2666.0,BLINK_5X
3.207031,821,2998.0,2667.0,BLINK_5X
3.210938,822,2987.0,2672.0,BLINK_5X
3.214844,823,2974.0,2683.0,BLINK_5X
3.218750,824,2974.0,2703.0,BLINK_5X
3.222656,825,2973.0,2726.0,BLINK_5X
3.226562,826,2912.0,2731.0,BLINK_5X
3.230469,827,2959.0,2742.0,BLINK_5X
3.234375,828,2935.0,2759.0,BLINK_5X
3.238281,829,2947.0,2752.0,BLINK_5X
3.242188,830,2961.0,2749.0,BLINK_5X
3.246094,831,2983.0,2752.0,BLINK_5X
3.250000,832,2967.0,2753.0,BLINK_5X
3.253906,833,2974.0,2762.0,BLINK_5X
3.257812,834,2981.0,2788.0,BLINK_5X
3.261719,835,2974.0,2805.0,BLINK_5X
3.265625,836,2961.0,2822.0,BLINK_5X
3.269531,837,2992.0,2812.0,BLINK_5X
3.273438,838,3008.0,2818.0,BLINK_5X
3.277344,839,3016.0,2835.0,BLINK_5X
3.281250,840,2997.0,2814.0,BLINK_5X
3.285156,841,3017.0,2832.0,BLINK_5X
3.289062,842,2990.0,2854.0,BLINK_5X
3.292969,843,3008.0,2861.0,BLINK_5X
3.296875,844,2987.0,2876.0,BLINK_5X
3.300781,845,2989.0,2887.0,BLINK_5X
3.304688,846,2992.0,2895.0,BLINK_5X
3.308594,847,2991.0,2877.0,BLINK_5X
3.312500,848,2987.0,2864.0,BLINK_5X
3.316406,849,2969.0,2881.0,BLINK_5X
3.320312,850,2971.0,2896.0,BLINK_5X
3.324219,851,2948.0,2909.0,BLINK_5X
3.328125,852,2960.0,2903.0,BLINK_5X
3.332031,853,2963.0,2896.0,BLINK_5X
3.335938,854,2967.0,2902.0,BLINK_5X
3.339844,855,2992.0,2914.0,BLINK_5X
3.343750,856,2989.0,2923.0,BLINK_5X
3.347656,857,2982.0,2917.0,BLINK_5X
3.351562,858,2996.0,2889.0,BLINK_5X
3.355469,859,2987.0,2913.0,BLINK_5X
3.359375,860,2960.0,2911.0,BLINK_5X
3.363281,861,2960.0,2918.0,BLINK_5X
3.367188,862,2969.0,2907.0,BLINK_5X
3.371094,863,2973.0,2894.0,BLINK_5X
3.375000,864,2992.0,2896.0,BLINK_5X
3.378906,865,2992.0,2898.0,BLINK_5X
3.382812,866,2995.0,2907.0,BLINK_5X
3.386719,867,2986.0,2899.0,BLINK_5X
3.390625,868,2982.0,2893.0,BLINK_5X
3.394531,869,2973.0,2917.0,BLINK_5X
3.398438,870,2970.0,2929.0,BLINK_5X
3.402344,871,2958.0,2944.0,BLINK_5X
3.406250,872,2960.0,2933.0,BLINK_5X
3.410156,873,2990.0,2922.0,BLINK_5X
3.414062,874,2997.0,2938.0,BLINK_5X
3.417969,875,2963.0,2958.0,BLINK_5X
3.421875,876,2910.0,2987.0,BLINK_5X
3.425781,877,2923.0,2991.0,BLINK_5X
3.429688,878,2960.0,2963.0,BLINK_5X
3.433594,879,2987.0,2960.0,BLINK_5X
3.437500,880,2992.0,2982.0,BLINK_5X
3.441406,881,3004.0,2987.0,BLINK_5X
3.445312,882,3003.0,2992.0,BLINK_5X
3.449219,883,3000.0,2979.0,BLINK_5X
3.453125,884,2992.0,2950.0,BLINK_5X
3.457031,885,2993.0,2958.0,BLINK_5X
3.460938,886,3006.0,2954.0,BLINK_5X
3.464844,887,2993.0,2951.0,BLINK_5X
3.468750,888,3000.0,2955.0,BLINK_5X
3.472656,889,2980.0,2955.0,BLINK_5X
3.476562,890,2971.0,2967.0,BLINK_5X
3.480469,891,2968.0,2985.0,BLINK_5X
3.484375,892,2944.0,2979.0,BLINK_5X
3.488281,893,2958.0,2992.0,BLINK_5X
3.492188,894,2962.0,2993.0,BLINK_5X
3.496094,895,2947.0,2991.0,BLINK_5X
3.500000,896,2960.0,3005.0,BLINK_5X
3.503906,897,2951.0,3006.0,BLINK_5X
3.507812,898,2959.0,2999.0,BLINK_5X
3.511719,899,2945.0,2991.0,BLINK_5X
3.515625,900,2955.0,2978.0,BLINK_5X
3.519531,901,2970.0,2990.0,BLINK_5X
3.523438,902,2977.0,2999.0,BLINK_5X
3.527344,903,2979.0,2999.0,BLINK_5X
3.531250,904,2999.0,2970.0,BLINK_5X
3.535156,905,3011.0,2976.0,BLINK_5X
3.539062,906,3021.0,2982.0,BLINK_5X
3.542969,907,3013.0,2992.0,BLINK_5X
3.546875,908,2997.0,2991.0,BLINK_5X
3.550781,909,3015.0,2970.0,BLINK_5X
3.554688,910,3012.0,2953.0,BLINK_5X
3.558594,911,3001.0,2974.0,BLINK_5X
3.562500,912,3000.0,2973.0,BLINK_5X
3.566406,913,3025.0,2944.0,BLINK_5X
3.570312,914,3025.0,2937.0,BLINK_5X
3.574219,915,3039.0,2925.0,BLINK_5X
3.578125,916,3024.0,2942.0,BLINK_5X
3.582031,917,3013.0,2957.0,BLINK_5X
3.585938,918,2999.0,2957.0,BLINK_5X
3.589844,919,2996.0,2949.0,BLINK_5X
3.593750,920,3013.0,2946.0,BLINK_5X
3.597656,921,3006.0,2957.0,BLINK_5X
3.601562,922,2971.0,2969.0,BLINK_5X
3.605469,923,2983.0,2964.0,BLINK_5X
3.609375,924,2993.0,2960.0,BLINK_5X
3.613281,925,2992.0,2960.0,BLINK_5X
3.617188,926,2991.0,2991.0,BLINK_5X
3.621094,927,2992.0,2996.0,BLINK_5X
3.625000,928,3007.0,2987.0,BLINK_5X
3.628906,929,2989.0,2971.0,BLINK_5X
3.632812,930,2983.0,2947.0,BLINK_5X
3.636719,931,2992.0,2960.0,BLINK_5X
3.640625,932,3008.0,2954.0,BLINK_5X
3.644531,933,2992.0,2960.0,BLINK_5X
3.648438,934,2974.0,2962.0,BLINK_5X
3.652344,935,2981.0,2950.0,BLINK_5X
3.656250,936,3002.0,2945.0,BLINK_5X
3.660156,937,2963.0,2960.0,BLINK_5X
3.664062,938,2969.0,2964.0,BLINK_5X
3.667969,939,2953.0,2960.0,BLINK_5X
3.671875,940,2937.0,2964.0,BLINK_5X
3.675781,941,2941.0,2971.0,BLINK_5X
3.679688,942,2957.0,2984.0,BLINK_5X
3.683594,943,2941.0,3039.0,BLINK_5X
3.687500,944,2960.0,3034.0,BLINK_5X
3.691406,945,2965.0,3123.0,BLINK_5X
3.695312,946,2944.0,3107.0,BLINK_5X
3.699219,947,2958.0,3095.0,BLINK_5X
3.703125,948,2925.0,3169.0,BLINK_5X
3.707031,949,2890.0,3131.0,BLINK_5X
3.710938,950,2975.0,3285.0,BLINK_5X
3.714844,951,2925.0,3439.0,BLINK_5X
3.718750,952,2928.0,3663.0,BLINK_5X
3.722656,953,2916.0,4019.0,BLINK_5X
3.726562,954,2934.0,4095.0,BLINK_5X
3.730469,955,2960.0,4095.0,BLINK_5X
3.734375,956,2987.0,4095.0,BLINK_5X
3.738281,957,2998.0,4095.0,BLINK_5X
3.742188,958,3019.0,4095.0,BLINK_5X
3.746094,959,2938.0,4095.0,BLINK_5X
3.750000,960,2960.0,4095.0,BLINK_5X
3.753906,961,3046.0,4095.0,BLINK_5X
3.757812,962,3089.0,4095.0,BLINK_5X
3.761719,963,3046.0,4095.0,BLINK_5X
3.765625,964,3024.0,4095.0,BLINK_5X
3.769531,965,2999.0,4095.0,BLINK_5X
3.773438,966,2961.0,4095.0,BLINK_5X
3.777344,967,3007.0,4095.0,BLINK_5X
3.781250,968,2979.0,4095.0,BLINK_5X
3.785156,969,2981.0,4095.0,BLINK_5X
3.789062,970,2999.0,4095.0,BLINK_5X
3.792969,971,3007.0,4095.0,BLINK_5X
3.796875,972,3056.0,4095.0,BLINK_5X
3.800781,973,3106.0,4095.0,BLINK_5X
3.804688,974,3046.0,4095.0,BLINK_5X
3.808594,975,3017.0,4095.0,BLINK_5X
3.812500,976,3001.0,4095.0,BLINK_5X
3.816406,977,3005.0,4095.0,BLINK_5X
3.820312,978,2971.0,4095.0,BLINK_5X
3.824219,979,2961.0,4095.0,BLINK_5X
3.828125,980,3007.0,4095.0,BLINK_5X
3.832031,981,3071.0,3967.0,BLINK_5X
3.835938,982,3061.0,3746.0,BLINK_5X
3.839844,983,3017.0,3604.0,BLINK_5X
3.843750,984,2992.0,3435.0,BLINK_5X
3.847656,985,2971.0,3279.0,BLINK_5X
3.851562,986,2992.0,3131.0,BLINK_5X
3.855469,987,3003.0,3010.0,BLINK_5X
3.859375,988,2994.0,2951.0,BLINK_5X
3.863281,989,2981.0,2875.0,BLINK_5X
3.867188,990,2992.0,2814.0,BLINK_5X
3.871094,991,2992.0,2747.0,BLINK_5X
3.875000,992,2998.0,2658.0,BLINK_5X
3.878906,993,2996.0,2647.0,BLINK_5X
3.882812,994,2986.0,2611.0,BLINK_5X
3.886719,995,2983.0,2559.0,BLINK_5X
3.890625,996,2997.0,2510.0,BLINK_5X
3.894531,997,3023.0,2494.0,BLINK_5X
3.898438,998,3024.0,2449.0,BLINK_5X
3.902344,999,3001.0,2420.0,BLINK_5X
3.906250,1000,2991.0,2383.0,BLINK_5X
3.910156,1001,3010.0,2352.0,BLINK_5X
3.914062,1002,3019.0,2345.0,BLINK_5X
3.917969,1003,2993.0,2352.0,BLINK_5X
3.921875,1004,3008.0,2314.0,BLINK_5X
3.925781,1005,3013.0,2278.0,BLINK_5X
3.929688,1006,3007.0,2259.0,BLINK_5X
3.933594,1007,3038.0,2240.0,BLINK_5X
3.937500,1008,3024.0,2245.0,BLINK_5X
3.941406,1009,3004.0,2256.0,BLINK_5X
3.945312,1010,3018.0,2259.0,BLINK_5X
3.949219,1011,3004.0,2273.0,BLINK_5X
3.953125,1012,3018.0,2245.0,BLINK_5X
3.957031,1013,3040.0,2251.0,BLINK_5X
3.960938,1014,3023.0,2256.0,BLINK_5X
3.964844,1015,3008.0,2259.0,BLINK_5X
3.968750,1016,3014.0,2258.0,BLINK_5X
3.972656,1017,3019.0,2279.0,BLINK_5X
3.976562,1018,3009.0,2291.0,BLINK_5X
3.980469,1019,3011.0,2324.0,BLINK_5X
3.984375,1020,3001.0,2333.0,BLINK_5X
3.988281,1021,3007.0,2335.0,BLINK_5X
3.992188,1022,3001.0,2345.0,BLINK_5X
3.996094,1023,2992.0,2368.0,BLINK_5X
4.000000,1024,2991.0,2374.0,BLINK_5X
4.003906,1025,3017.0,2391.0,BLINK_5X
4.007812,1026,3002.0,2390.0,BLINK_5X
4.011719,1027,3007.0,2378.0,BLINK_5X
4.015625,1028,3018.0,2374.0,BLINK_5X
4.019531,1029,2999.0,2397.0,BLINK_5X
4.023438,1030,3008.0,2403.0,BLINK_5X
4.027344,1031,2998.0,2416.0,BLINK_5X
4.031250,1032,2992.0,2412.0,BLINK_5X
4.035156,1033,3012.0,2413.0,BLINK_5X
4.039062,1034,3026.0,2437.0,BLINK_5X
4.042969,1035,2998.0,2475.0,BLINK_5X
4.046875,1036,2977.0,2502.0,BLINK_5X
4.050781,1037,2992.0,2516.0,BLINK_5X
4.054688,1038,2983.0,2517.0,BLINK_5X
4.058594,1039,2990.0,2534.0,BLINK_5X
4.062500,1040,2996.0,2559.0,BLINK_5X
4.066406,1041,2993.0,2586.0,BLINK_5X
4.070312,1042,3008.0,2594.0,BLINK_5X
4.074219,1043,3001.0,2595.0,BLINK_5X
4.078125,1044,3008.0,2608.0,BLINK_5X
4.082031,1045,2989.0,2638.0,BLINK_5X
4.085938,1046,2973.0,2659.0,BLINK_5X
4.089844,1047,2970.0,2657.0,BLINK_5X
4.093750,1048,2982.0,2663.0,BLINK_5X
4.097656,1049,2992.0,2678.0,BLINK_5X
4.101562,1050,2983.0,2693.0,BLINK_5X
4.105469,1051,2979.0,2688.0,BLINK_5X
4.109375,1052,3032.0,2691.0,BLINK_5X
4.113281,1053,2986.0,2690.0,BLINK_5X
4.117188,1054,2982.0,2719.0,BLINK_5X
4.121094,1055,2983.0,2737.0,BLINK_5X
4.125000,1056,2978.0,2751.0,BLINK_5X
4.128906,1057,2965.0,2746.0,BLINK_5X
4.132812,1058,2994.0,2755.0,BLINK_5X
4.136719,1059,2992.0,2759.0,BLINK_5X
4.140625,1060,3005.0,2770.0,BLINK_5X
4.144531,1061,3009.0,2793.0,BLINK_5X
4.148438,1062,2992.0,2807.0,BLINK_5X
4.152344,1063,2985.0,2789.0,BLINK_5X
4.156250,1064,2976.0,2791.0,BLINK_5X
4.160156,1065,2974.0,2822.0,BLINK_5X
4.164062,1066,2981.0,2848.0,BLINK_5X
4.167969,1067,2992.0,2829.0,BLINK_5X
4.171875,1068,2999.0,2823.0,BLINK_5X
4.175781,1069,3008.0,2841.0,BLINK_5X
4.179688,1070,2982.0,2877.0,BLINK_5X
4.183594,1071,2980.0,2862.0,BLINK_5X
4.187500,1072,2966.0,2864.0,BLINK_5X
4.191406,1073,2970.0,2862.0,BLINK_5X
4.195312,1074,2959.0,2846.0,BLINK_5X
4.199219,1075,2951.0,2873.0,BLINK_5X
4.203125,1076,2958.0,2882.0,BLINK_5X
4.207031,1077,2960.0,2881.0,BLINK_5X
4.210938,1078,2971.0,2883.0,BLINK_5X
4.214844,1079,2978.0,2877.0,BLINK_5X
4.218750,1080,2982.0,2901.0,BLINK_5X
4.222656,1081,2988.0,2898.0,BLINK_5X
4.226562,1082,2962.0,2899.0,BLINK_5X
4.230469,1083,2976.0,2895.0,BLINK_5X
4.234375,1084,2999.0,2879.0,BLINK_5X
4.238281,1085,2986.0,2884.0,BLINK_5X
4.242188,1086,2983.0,2912.0,BLINK_5X
4.246094,1087,2987.0,2904.0,BLINK_5X
4.250000,1088,2994.0,2903.0,BLINK_5X
4.253906,1089,3003.0,2889.0,BLINK_5X
4.257812,1090,2994.0,2916.0,BLINK_5X
4.261719,1091,2993.0,2926.0,BLINK_5X
4.265625,1092,2975.0,2928.0,BLINK_5X
4.269531,1093,2995.0,2902.0,BLINK_5X
4.273438,1094,3001.0,2902.0,BLINK_5X
4.277344,1095,3007.0,2915.0,BLINK_5X
4.281250,1096,3003.0,2911.0,BLINK_5X
4.285156,1097,2992.0,2913.0,BLINK_5X
4.289062,1098,2992.0,2909.0,BLINK_5X
4.292969,1099,3011.0,2929.0,BLINK_5X
4.296875,1100,3013.0,2919.0,BLINK_5X
4.300781,1101,2998.0,2927.0,BLINK_5X
4.304688,1102,2981.0,2947.0,BLINK_5X
4.308594,1103,2970.0,2956.0,BLINK_5X
4.312500,1104,2966.0,2917.0,BLINK_5X
4.316406,1105,2977.0,2954.0,BLINK_5X
4.320312,1106,2981.0,2947.0,BLINK_5X
4.324219,1107,2982.0,2960.0,BLINK_5X
4.328125,1108,2961.0,2939.0,BLINK_5X
4.332031,1109,2973.0,2929.0,BLINK_5X
4.335938,1110,2978.0,2942.0,BLINK_5X
4.339844,1111,2992.0,2960.0,BLINK_5X
4.343750,1112,2998.0,2960.0,BLINK_5X
4.347656,1113,2990.0,2947.0,BLINK_5X
4.351562,1114,2981.0,2940.0,BLINK_5X
4.355469,1115,2975.0,2942.0,BLINK_5X
4.359375,1116,2992.0,2956.0,BLINK_5X
4.363281,1117,2977.0,2963.0,BLINK_5X
4.367188,1118,2966.0,2965.0,BLINK_5X
4.371094,1119,2980.0,2970.0,BLINK_5X
4.375000,1120,2977.0,2955.0,BLINK_5X
4.378906,1121,2969.0,2962.0,BLINK_5X
4.382812,1122,2960.0,2987.0,BLINK_5X
4.386719,1123,2948.0,2974.0,BLINK_5X
4.390625,1124,2973.0,2960.0,BLINK_5X
4.394531,1125,2960.0,2960.0,BLINK_5X
4.398438,1126,2988.0,2962.0,BLINK_5X
4.402344,1127,2983.0,2982.0,BLINK_5X
4.406250,1128,2974.0,2977.0,BLINK_5X
4.410156,1129,2981.0,2981.0,BLINK_5X
4.414062,1130,2997.0,2979.0,BLINK_5X
4.417969,1131,2970.0,2975.0,BLINK_5X
4.421875,1132,2969.0,2989.0,BLINK_5X
4.425781,1133,2988.0,3005.0,BLINK_5X
4.429688,1134,3009.0,2985.0,BLINK_5X
4.433594,1135,3018.0,2966.0,BLINK_5X
4.437500,1136,2995.0,2978.0,BLINK_5X
4.441406,1137,2974.0,2974.0,BLINK_5X
4.445312,1138,2969.0,2972.0,BLINK_5X
4.449219,1139,2986.0,2957.0,BLINK_5X
4.453125,1140,2973.0,2967.0,BLINK_5X
4.457031,1141,2975.0,2963.0,BLINK_5X
4.460938,1142,2977.0,2965.0,BLINK_5X
4.464844,1143,2981.0,2978.0,BLINK_5X
4.468750,1144,2989.0,2969.0,BLINK_5X
4.472656,1145,2994.0,2961.0,BLINK_5X
4.476562,1146,2977.0,2950.0,BLINK_5X
4.480469,1147,2979.0,2959.0,BLINK_5X
4.484375,1148,2992.0,2977.0,BLINK_5X
4.488281,1149,2995.0,2971.0,BLINK_5X
4.492188,1150,3004.0,2943.0,BLINK_5X
4.496094,1151,2998.0,2944.0,BLINK_5X
4.500000,1152,2985.0,2961.0,BLINK_5X
4.503906,1153,2979.0,2939.0,BLINK_5X
4.507812,1154,2991.0,2962.0,BLINK_5X
4.511719,1155,2989.0,2955.0,BLINK_5X
4.515625,1156,2992.0,2948.0,BLINK_5X
4.519531,1157,2975.0,2949.0,BLINK_5X
4.523438,1158,2989.0,2960.0,BLINK_5X
4.527344,1159,2963.0,2969.0,BLINK_5X
4.531250,1160,2971.0,2945.0,BLINK_5X
4.535156,1161,2991.0,2945.0,BLINK_5X
4.539062,1162,2985.0,2966.0,BLINK_5X
4.542969,1163,2970.0,2971.0,BLINK_5X
4.546875,1164,2977.0,2979.0,BLINK_5X
4.550781,1165,2965.0,2983.0,BLINK_5X
4.554688,1166,2955.0,2978.0,BLINK_5X
4.558594,1167,2961.0,2979.0,BLINK_5X
4.562500,1168,2973.0,2989.0,BLINK_5X
4.566406,1169,2968.0,2975.0,BLINK_5X
4.570312,1170,2991.0,2997.0,BLINK_5X
4.574219,1171,2995.0,2980.0,BLINK_5X
4.578125,1172,2997.0,3030.0,BLINK_5X
4.582031,1173,2960.0,3107.0,BLINK_5X
4.585938,1174,2967.0,3099.0,BLINK_5X
4.589844,1175,2947.0,3082.0,BLINK_5X
4.593750,1176,2987.0,3153.0,BLINK_5X
4.597656,1177,2954.0,3285.0,BLINK_5X
4.601562,1178,2959.0,3357.0,BLINK_5X
4.605469,1179,2921.0,3606.0,BLINK_5X
4.609375,1180,2929.0,3821.0,BLINK_5X
4.613281,1181,2943.0,4095.0,BLINK_5X
4.617188,1182,2966.0,4095.0,BLINK_5X
4.621094,1183,2981.0,4095.0,BLINK_5X
4.625000,1184,3046.0,4095.0,BLINK_5X
4.628906,1185,3115.0,4095.0,BLINK_5X
4.632812,1186,3053.0,4095.0,BLINK_5X
4.636719,1187,3193.0,4095.0,BLINK_5X
4.640625,1188,3229.0,4095.0,BLINK_5X
4.644531,1189,3262.0,4095.0,BLINK_5X
4.648438,1190,3148.0,4095.0,BLINK_5X
4.652344,1191,3104.0,4095.0,BLINK_5X
4.656250,1192,3173.0,4095.0,BLINK_5X
4.660156,1193,3179.0,4095.0,BLINK_5X
4.664062,1194,3069.0,4095.0,BLINK_5X
4.667969,1195,3060.0,4095.0,BLINK_5X
4.671875,1196,3103.0,4095.0,BLINK_5X
4.675781,1197,3085.0,4095.0,BLINK_5X
4.679688,1198,3057.0,4095.0,BLINK_5X
4.683594,1199,3055.0,4095.0,BLINK_5X
4.687500,1200,3061.0,4095.0,BLINK_5X
4.691406,1201,3090.0,4095.0,BLINK_5X
4.695312,1202,3101.0,4095.0,BLINK_5X
4.699219,1203,3050.0,4095.0,BLINK_5X
4.703125,1204,3047.0,4095.0,BLINK_5X
4.707031,1205,3053.0,4095.0,BLINK_5X
4.710938,1206,3017.0,4095.0,BLINK_5X
4.714844,1207,3103.0,4095.0,BLINK_5X
4.718750,1208,3119.0,4095.0,BLINK_5X
4.722656,1209,3081.0,4095.0,BLINK_5X
4.726562,1210,3065.0,4067.0,BLINK_5X
4.730469,1211,3029.0,3888.0,BLINK_5X
4.734375,1212,3042.0,3697.0,BLINK_5X
4.738281,1213,3055.0,3530.0,BLINK_5X
4.742188,1214,3017.0,3397.0,BLINK_5X
4.746094,1215,2974.0,3298.0,BLINK_5X
4.750000,1216,2967.0,3169.0,BLINK_5X
4.753906,1217,2945.0,3034.0,BLINK_5X
4.757812,1218,2945.0,2967.0,BLINK_5X
4.761719,1219,2930.0,2910.0,BLINK_5X
4.765625,1220,2945.0,2855.0,BLINK_5X
4.769531,1221,2907.0,2797.0,BLINK_5X
4.773438,1222,2918.0,2736.0,BLINK_5X
4.777344,1223,2930.0,2673.0,BLINK_5X
4.781250,1224,2935.0,2652.0,BLINK_5X
4.785156,1225,2910.0,2608.0,BLINK_5X
4.789062,1226,2906.0,2542.0,BLINK_5X
4.792969,1227,2901.0,2489.0,BLINK_5X
4.796875,1228,2921.0,2448.0,BLINK_5X
4.800781,1229,2928.0,2423.0,BLINK_5X
4.804688,1230,2935.0,2393.0,BLINK_5X
4.808594,1231,2951.0,2380.0,BLINK_5X
4.812500,1232,2932.0,2310.0,BLINK_5X
4.816406,1233,2939.0,2327.0,BLINK_5X
4.820312,1234,2924.0,2320.0,BLINK_5X
4.824219,1235,2978.0,2317.0,BLINK_5X
4.828125,1236,2954.0,2290.0,BLINK_5X
4.832031,1237,2955.0,2256.0,BLINK_5X
4.835938,1238,2975.0,2246.0,BLINK_5X
4.839844,1239,2969.0,2251.0,BLINK_5X
4.843750,1240,2990.0,2259.0,BLINK_5X
4.847656,1241,2989.0,2256.0,BLINK_5X
4.851562,1242,3002.0,2247.0,BLINK_5X
4.855469,1243,3025.0,2242.0,BLINK_5X
4.859375,1244,3029.0,2249.0,BLINK_5X
4.863281,1245,3011.0,2264.0,BLINK_5X
4.867188,1246,3019.0,2262.0,BLINK_5X
4.871094,1247,3024.0,2251.0,BLINK_5X
4.875000,1248,3010.0,2259.0,BLINK_5X
4.878906,1249,3003.0,2270.0,BLINK_5X
4.882812,1250,2987.0,2287.0,BLINK_5X
4.886719,1251,2963.0,2303.0,BLINK_5X
4.890625,1252,2971.0,2302.0,BLINK_5X
4.894531,1253,2975.0,2305.0,BLINK_5X
4.898438,1254,2971.0,2319.0,BLINK_5X
4.902344,1255,2981.0,2339.0,BLINK_5X
4.906250,1256,2971.0,2352.0,BLINK_5X
4.910156,1257,2971.0,2355.0,BLINK_5X
4.914062,1258,2985.0,2359.0,BLINK_5X
4.917969,1259,2992.0,2381.0,BLINK_5X
4.921875,1260,3008.0,2388.0,BLINK_5X
4.925781,1261,3009.0,2401.0,BLINK_5X
4.929688,1262,3013.0,2413.0,BLINK_5X
4.933594,1263,3011.0,2406.0,BLINK_5X
4.937500,1264,3026.0,2410.0,BLINK_5X
4.941406,1265,2999.0,2435.0,BLINK_5X
4.945312,1266,3008.0,2453.0,BLINK_5X
4.949219,1267,3014.0,2470.0,BLINK_5X
4.953125,1268,2996.0,2464.0,BLINK_5X
4.957031,1269,2987.0,2478.0,BLINK_5X
4.960938,1270,2987.0,2492.0,BLINK_5X
4.964844,1271,2970.0,2513.0,BLINK_5X
4.968750,1272,2994.0,2514.0,BLINK_5X
4.972656,1273,2997.0,2502.0,BLINK_5X
4.976562,1274,2966.0,2522.0,BLINK_5X
4.980469,1275,2975.0,2547.0,BLINK_5X
4.984375,1276,2978.0,2559.0,BLINK_5X
4.988281,1277,2960.0,2590.0,BLINK_5X
4.992188,1278,2962.0,2593.0,BLINK_5X
4.996094,1279,2972.0,2622.0,BLINK_5X
5.000000,1280,2973.0,2613.0,BLINK_5X
5.003906,1281,2974.0,2641.0,BLINK_5X
5.007812,1282,2979.0,2645.0,BLINK_5X
5.011719,1283,2970.0,2659.0,BLINK_5X
5.015625,1284,2962.0,2671.0,BLINK_5X
5.019531,1285,2955.0,2705.0,BLINK_5X
5.023438,1286,2949.0,2726.0,BLINK_5X
5.027344,1287,2958.0,2737.0,BLINK_5X
5.031250,1288,2960.0,2743.0,BLINK_5X
5.035156,1289,2951.0,2757.0,BLINK_5X
5.039062,1290,2954.0,2756.0,BLINK_5X
5.042969,1291,2938.0,2768.0,BLINK_5X
5.046875,1292,2922.0,2768.0,BLINK_5X
5.050781,1293,2957.0,2768.0,BLINK_5X
5.054688,1294,2950.0,2768.0,BLINK_5X
5.058594,1295,2944.0,2791.0,BLINK_5X
